Gene,Mean_Trait_With_Variant,Mean_Trait_Without,P_Value
geneA,0.95,0.672222222222222,0.012
geneB,0.82,0.686666666666667,0.045
geneC,0.6,0.711111111111111,0.378
geneD,0.73,0.696666666666667,0.087
geneE,0.4,0.733333333333333,0.001
geneF,0.92,0.675555555555556,0.096
geneG,0.3,0.744444444444445,0.54
geneH,0.85,0.683333333333333,0.009
geneI,0.88,0.68,0.43
geneJ,0.55,0.716666666666667,0.003
